Dougherty,Antwan,443-13-3556,28/1996
Knox,Patrick,280-73-5539,22/2000
Parrish,Shane,836-52-7474,08/1995
Kerr,Jerome,184-68-9130,23/2000
Foley,Adriel,137-20-7752,10/1995
Wagner,Seamus,963-58-9837,09/1993
Hobbs,Ashton,885-19-6844,07/1996
Petty,Evie,583-17-8205,21/2000
Myers,Leandro,846-86-1183,17/1999
Roberts,Julia,731-36-7830,04/1993
Brandt,Lukas,358-56-8112,12/1993
Livingston,Alani,886-40-7006,08/1996
Peterson,Jamiya,247-81-9639,13/1993
Roy,Kirsten,131-73-3825,24/1994
Copeland,Johnny,101-88-8583,07/2000
Wong,Amirah,984-49-7533,20/1999
Kline,Luciano,274-66-3201,20/1996
Joseph,Lance,377-94-7641,27/2001
Rangel,Paula,391-56-3431,26/1998
Massey,Jamie,644-98-5853,11/1992
Rubio,Karli,959-52-4755,09/1999
Mcguire,Ellis,861-10-8534,15/1997
Oliver,Madyson,275-59-1668,26/1999
Fry,Serenity,717-98-7411,23/1997
Leon,Jaliyah,894-99-6981,07/1995
Guerrero,Parker,180-52-1247,11/1993
Kemp,Milagros,203-98-9897,17/1996
Garza,Aniya,100-58-8601,24/1996
Roberts,Zoe,718-45-3528,13/1997
Chan,Ryder,731-22-3239,11/1992
Norton,Antonio,209-59-9172,22/1996
Kim,Jazlene,652-73-9224,17/1996
Cox,America,451-98-3781,24/2001
Rogers,Colby,800-18-1208,12/1994
Conrad,Stella,607-52-3746,06/2001
Mccullough,Micheal,110-16-2223,12/1994
Hardy,Kolby,335-91-7119,19/1993
Tapia,Sophia,912-46-2838,12/1992
Jacobson,Addison,231-30-5891,09/1997
Terrell,Aimee,579-64-2390,18/1999
Cannon,Abagail,592-47-6376,20/2000
Conrad,Donald,417-15-1782,11/1992
Medina,Tiana,620-86-1667,16/2000
Vasquez,Edwin,713-12-7466,14/1995
Mcclain,Sofia,848-92-4732,08/2001
Nash,Braylon,982-15-6498,06/1995
Buchanan,Chaya,821-18-8425,08/2000
Juarez,Charlize,868-53-6304,18/1997
Yu,Xzavier,981-82-3036,07/2000
Kent,Timothy,113-77-6916,19/1994
Jones,Bailee,731-46-4121,04/1998
Hoover,Elizabeth,707-68-2898,24/1996
Ramos,Jaida,258-60-6123,01/1994
Livingston,Perla,826-59-5240,02/1998
Simpson,Shayna,657-27-7529,02/1993
Dawson,Jan,511-32-9556,18/1995
Huffman,Aryana,988-19-4629,09/1999
Fernandez,Hillary,249-65-2684,12/2001
Barnes,Hillary,233-70-7360,12/1998
Parks,Kayla,686-72-5990,14/1993
Murphy,Todd,312-59-5455,15/2000
Kelley,Melissa,646-33-9398,13/2000
Gross,Abbigail,902-63-8563,10/1994
Benton,Alina,317-80-6825,17/1995
Klein,Jadon,182-85-7317,28/1996
Love,Saul,381-53-3880,11/1997
Galvan,Ingrid,274-88-1204,17/1999
Logan,Zachery,498-60-2143,14/1994
Singleton,Rubi,736-88-8219,24/2000
Esparza,Emiliano,758-73-8346,02/1999
Salazar,Sierra,364-83-2642,01/1993
Blair,Ashlyn,596-16-8906,28/2001
Barrera,Destiney,841-95-7582,17/1992
Good,Armani,758-67-9042,16/1994
Mcneil,Maximus,446-17-8765,03/1996
Peters,Jalen,174-37-4543,04/1995
Preston,Chana,634-11-3732,12/1996
Simmons,Asia,522-89-1665,22/1996
Mccarty,Ronan,506-49-5097,13/2001
Mitchell,Adrianna,675-73-7124,16/1994
Evans,Molly,898-20-3887,11/2000
Mcclure,Lilah,952-35-7119,14/2001
Riddle,Lola,852-84-7430,12/1993
Novak,Khloe,685-86-3114,06/1998
Harding,Elyse,239-62-7535,27/1996
Clark,Aditya,177-33-8822,08/1996
Patterson,Alvin,502-40-3967,28/1994
Benson,Deegan,772-16-8951,16/1992
Mcbride,Aaron,215-67-1611,13/2001
West,Lilyana,403-89-9516,03/1998
Liu,Connor,255-51-5936,26/2001
Camacho,Asher,625-30-9735,22/1995
Hancock,Myles,146-24-6239,07/2001
Cook,Asher,193-82-8286,21/2000
Tanner,Cale,158-50-9834,09/1994
Hester,Trent,753-79-7168,11/1995
Romero,Cristofer,756-34-2870,23/2001
Caldwell,Maren,268-85-6745,14/1992
Long,Matthew,751-41-7733,12/1995
Booker,Remington,305-33-7222,26/1997
